"forest_user_name","forest_regime_cfcode","forest_block_block_num","sample_num","location_srs","location_x","location_y","plot_photo"
"Rajkumar Rimal","MAK/BH/12/22","1","1","EPSG:4326","84.123456","27.12345","4_40f78d73-0bdb-486a-ae63-8cc720d5e3dd.png"
"Rajkumar Rimal","MAK/BH/12/22","1","2","EPSG:4326","84.1234567","27.1234567","4_4ff2cc5b-0618-4001-b519-a27d1c48c31e.jpg"
"Rajkumar Rimal","MAK/BH/12/22","2","1","EPSG:4326","87.213456","28.12345","4_6e5d2d46-2ecc-4ee9-8df9-2fba2937f97d.jpg"
"Rajkumar Rimal","MAK/BH/12/22","2","2","EPSG:4326","84.432156","26.213546","4_1349aac3-0203-46cd-adce-7da0de88a0cd.jpg"
